{"pckh": [2.380952380952381, 2.380952380952381, 2.380952380952381, 2.380952380952381, 0.0, 0.0, 1.9047619047619047, 2.380952380952381, 2.380952380952381, 2.380952380952381, 1.9047619047619047, 2.380952380952381, 1.9047619047619047, 2.380952380952381, 2.380952380952381, 0.0, 2.380952380952381, 1.9047619047619047, 2.380952380952381, 2.380952380952381, 2.380952380952381, 2.380952380952381, 1.9047619047619047, 1.9047619047619047, 1.9047619047619047, 2.380952380952381, 1.978021978021978], "AP": [1.0952380952380953, 1.1428571428571428, 2.0476190476190474, 2.0, 0.0, 0.0, 1.857142857142857, 2.333333333333333, 2.0952380952380953, 1.4761904761904763, 0.8571428571428571, 2.0952380952380953, 1.380952380952381, 0.9523809523809523, 2.2857142857142856, 0.0, 1.7619047619047616, 0.2857142857142857, 1.2857142857142858, 2.095238095238095, 0.0, 0.6190476190476191, 0.0, 0.47619047619047616, 0.5238095238095238, 1.2380952380952381, 1.15018315018315], "AP0.5": [1.9047619047619047, 1.9047619047619047, 2.380952380952381, 2.380952380952381, 0.0, 0.0, 1.9047619047619047, 2.380952380952381, 2.380952380952381, 2.380952380952381, 1.9047619047619047, 2.380952380952381, 2.380952380952381, 2.380952380952381, 2.380952380952381, 0.0, 2.380952380952381, 0.47619047619047616, 1.9047619047619047, 2.380952380952381, 0.0, 1.4285714285714286, 0.0, 0.47619047619047616, 0.9523809523809523, 2.380952380952381, 1.5934065934065933], "AP0.75": [0.9523809523809523, 0.9523809523809523, 1.9047619047619047, 1.9047619047619047, 0.0, 0.0, 1.9047619047619047, 2.380952380952381, 2.380952380952381, 1.4285714285714286, 0.47619047619047616, 2.380952380952381, 0.9523809523809523, 0.9523809523809523, 2.380952380952381, 0.0, 1.9047619047619047, 0.47619047619047616, 0.9523809523809523, 2.380952380952381, 0.0, 0.47619047619047616, 0.0, 0.47619047619047616, 0.47619047619047616, 0.9523809523809523, 1.1172161172161172], "names": ["Nose", "LEye", "REye", "LEar", "REar", "LShoulder", "RShoulder", "LElbow", "RElbow", "LWrist", "RWrist", "LHip", "RHip", "LKnee", "RKnee", "LAnkle", "RAnkle", "Head", "Neck", "Hip", "LBigToe", "RBigToe", "LSmallToe", "RSmallToe", "LHeel", "RHeel", "Total"]}