{"pckh": [100.0, 40.0, 100.0, 100.0, 0.0, 0.0, 86.5, 100.0, 100.0, 86.0, 50.0, 85.0, 87.5, 84.5, 98.5, 0.0, 95.5, 97.5, 90.5, 88.5, 91.0, 87.5, 82.0, 87.0, 83.5, 100.0, 77.73076923076923], "AP": [53.95, 13.4, 85.4, 95.7, 0.0, 0.0, 76.8, 100.0, 90.75, 60.85, 30.9, 80.25, 77.0, 70.6, 96.35, 0.0, 86.0, 39.45, 30.3, 83.15, 34.0, 23.25, 18.4, 32.05, 17.85, 91.85, 53.394230769230774], "AP0.5": [85.0, 22.5, 96.5, 100.0, 0.0, 0.0, 87.0, 100.0, 100.0, 80.0, 43.0, 89.5, 94.5, 97.5, 99.5, 0.0, 97.5, 61.0, 54.5, 90.5, 56.0, 40.5, 39.5, 52.5, 35.0, 100.0, 66.23076923076923], "AP0.75": [56.0, 13.0, 91.0, 100.0, 0.0, 0.0, 83.0, 100.0, 96.0, 69.5, 31.0, 84.0, 86.0, 72.5, 98.5, 0.0, 88.5, 40.0, 29.5, 89.0, 33.5, 23.0, 15.5, 33.0, 16.0, 95.5, 55.53846153846154], "names": ["Nose", "LEye", "REye", "LEar", "REar", "LShoulder", "RShoulder", "LElbow", "RElbow", "LWrist", "RWrist", "LHip", "RHip", "LKnee", "RKnee", "LAnkle", "RAnkle", "Head", "Neck", "Hip", "LBigToe", "RBigToe", "LSmallToe", "RSmallToe", "LHeel", "RHeel", "Total"]}