{"pckh": [93.32034632034632, 84.04242424242425, 97.43636363636364, 97.35930735930735, 97.85526695526696, 97.3108225108225, 69.76378066378066, 97.37575757575758, 97.20490620490621, 89.67027417027417, 70.50779220779222, 78.92106782106782, 72.72453102453102, 77.86551226551227, 87.98831168831168, 93.05339105339104, 84.40793650793651, 85.2088023088023, 75.94935064935065, 68.7972582972583, 71.7994227994228, 69.50288600288602, 64.30836940836942, 67.3108225108225, 65.41053391053391, 97.6969696969697, 82.7997002997003], "AP": [34.49002886002886, 41.20437229437229, 53.54919191919193, 75.06678210678211, 44.22372294372294, 87.10023088023087, 56.53741702741703, 91.64650793650794, 76.35871572871574, 52.52821067821068, 40.771847041847046, 73.52959595959597, 65.05652236652237, 58.86147186147186, 76.91741702741702, 75.93353535353535, 71.34031746031745, 23.212337662337664, 23.424343434343434, 64.64290043290043, 18.07629148629149, 18.621890331890334, 16.30991341991342, 14.854675324675323, 17.41314574314574, 54.37304473304473, 51.001708846708844], "AP0.5": [56.47763347763348, 60.4943722943723, 75.23376623376623, 90.46320346320346, 75.78181818181818, 97.2060606060606, 72.01269841269841, 96.9151515151515, 97.02164502164501, 83.28903318903318, 61.78787878787879, 87.34112554112554, 93.55555555555556, 92.42784992784993, 91.14242424242424, 97.37388167388168, 85.34588744588744, 41.66883116883117, 38.4030303030303, 74.81327561327561, 32.361038961038965, 31.44372294372294, 28.084848484848482, 25.693217893217895, 29.551226551226552, 80.06046176046176, 69.07498612498611], "AP0.75": [32.67864357864358, 42.72092352092351, 55.84314574314574, 79.54920634920634, 42.84401154401154, 93.88383838383838, 60.25930735930736, 94.45974025974026, 84.43564213564214, 52.75468975468975, 40.717604617604614, 76.33463203463204, 70.0909090909091, 57.077922077922075, 81.84963924963925, 82.93246753246754, 76.14617604617605, 20.932611832611833, 22.017893217893217, 67.18917748917748, 16.710822510822513, 17.583694083694084, 15.195093795093793, 13.826551226551226, 16.20865800865801, 54.675036075036076, 52.65069375069375], "names": ["Nose", "LEye", "REye", "LEar", "REar", "LShoulder", "RShoulder", "LElbow", "RElbow", "LWrist", "RWrist", "LHip", "RHip", "LKnee", "RKnee", "LAnkle", "RAnkle", "Head", "Neck", "Hip", "LBigToe", "RBigToe", "LSmallToe", "RSmallToe", "LHeel", "RHeel", "Total"]}