{"pckh": [88.88888888888889, 100.0, 100.0, 100.0, 97.61904761904762, 0.0, 84.12698412698413, 100.0, 92.06349206349206, 99.2063492063492, 99.2063492063492, 98.80952380952381, 63.095238095238095, 75.39682539682539, 86.11111111111111, 94.44444444444444, 95.63492063492063, 89.28571428571429, 78.57142857142857, 60.714285714285715, 65.87301587301587, 69.84126984126983, 85.31746031746032, 71.42857142857143, 84.12698412698413, 53.17460317460318, 82.03601953601954], "AP": [16.785714285714285, 76.11111111111111, 81.46825396825398, 90.91269841269842, 23.13492063492064, 0.0, 65.03968253968256, 98.96825396825398, 59.52380952380953, 64.32539682539684, 73.2936507936508, 96.82539682539682, 60.55555555555556, 53.96825396825396, 79.64285714285714, 72.8968253968254, 80.1984126984127, 17.460317460317462, 6.547619047619048, 58.80952380952381, 5.476190476190476, 12.6984126984127, 18.849206349206348, 8.373015873015872, 27.142857142857146, 29.246031746031747, 49.163614163614156], "AP0.5": [32.53968253968254, 97.22222222222223, 99.60317460317461, 100.0, 56.74603174603175, 0.0, 90.07936507936508, 100.0, 98.80952380952381, 100.0, 99.60317460317461, 100.0, 99.2063492063492, 96.82539682539682, 90.47619047619048, 98.80952380952381, 99.2063492063492, 34.523809523809526, 14.285714285714286, 71.03174603174604, 14.682539682539682, 26.19047619047619, 36.507936507936506, 14.285714285714286, 45.23809523809524, 45.63492063492063, 67.75030525030525], "AP0.75": [14.682539682539682, 81.74603174603175, 89.68253968253968, 98.80952380952381, 17.857142857142858, 0.0, 69.44444444444444, 100.0, 65.07936507936508, 71.42857142857143, 79.36507936507937, 99.60317460317461, 70.23809523809524, 50.79365079365079, 83.33333333333333, 85.31746031746032, 90.07936507936508, 15.079365079365079, 5.158730158730159, 63.888888888888886, 3.9682539682539684, 10.714285714285714, 16.666666666666668, 7.936507936507937, 25.396825396825395, 27.77777777777778, 51.6941391941392], "names": ["Nose", "LEye", "REye", "LEar", "REar", "LShoulder", "RShoulder", "LElbow", "RElbow", "LWrist", "RWrist", "LHip", "RHip", "LKnee", "RKnee", "LAnkle", "RAnkle", "Head", "Neck", "Hip", "LBigToe", "RBigToe", "LSmallToe", "RSmallToe", "LHeel", "RHeel", "Total"]}