{"pckh": [88.35483405483406, 27.106493506493507, 86.04891774891776, 94.25930735930736, 88.21385281385281, 0.0, 71.17864357864357, 94.77705627705627, 91.62698412698413, 85.98715728715729, 62.79148629148629, 63.66277056277056, 72.55844155844156, 77.62395382395383, 81.69235209235208, 88.1988455988456, 80.45598845598845, 81.0948051948052, 72.70995670995671, 59.865367965367966, 66.76724386724388, 61.857431457431446, 59.07734487734488, 64.63506493506493, 60.83881673881674, 85.8950937950938, 71.81839271839272], "AP": [24.03103896103896, 16.266984126984127, 39.68455988455989, 60.00431457431457, 15.217200577200577, 0.0, 56.533217893217895, 85.17486291486291, 68.83082251082251, 53.182568542568546, 36.65314574314574, 60.278282828282826, 64.38470418470418, 55.94165945165945, 70.92341991341992, 73.0193217893218, 66.41444444444444, 19.579769119769118, 17.365194805194808, 55.149004329004335, 11.773852813852816, 10.464357864357865, 8.633910533910534, 10.505728715728715, 13.236666666666665, 41.213145743145745, 39.78700688200688], "AP0.5": [43.957287157287155, 21.16825396825397, 56.85699855699856, 80.82554112554112, 33.13838383838384, 0.0, 72.58513708513709, 93.92251082251082, 93.7025974025974, 81.17705627705628, 55.02236652236652, 72.46926406926407, 89.61659451659452, 87.57676767676767, 85.27532467532468, 93.45800865800865, 83.76334776334775, 34.128138528138535, 30.953679653679654, 68.3054834054834, 22.713564213564215, 20.664935064935065, 17.516305916305917, 19.104329004329006, 23.692207792207792, 62.08932178932179, 55.52628482628482], "AP0.75": [21.75122655122655, 17.31111111111111, 40.88672438672439, 63.573593073593074, 13.05151515151515, 0.0, 59.31529581529581, 89.01861471861471, 73.0907647907648, 54.663636363636364, 37.432323232323235, 62.705050505050494, 69.80519480519482, 55.93492063492064, 74.74805194805195, 78.56522366522367, 70.8141414141414, 18.32193362193362, 15.74906204906205, 58.00894660894661, 10.594516594516595, 9.41125541125541, 7.182683982683981, 9.841414141414141, 12.183694083694084, 40.28672438672439, 40.93260073260073], "names": ["Nose", "LEye", "REye", "LEar", "REar", "LShoulder", "RShoulder", "LElbow", "RElbow", "LWrist", "RWrist", "LHip", "RHip", "LKnee", "RKnee", "LAnkle", "RAnkle", "Head", "Neck", "Hip", "LBigToe", "RBigToe", "LSmallToe", "RSmallToe", "LHeel", "RHeel", "Total"]}