{"pckh": [7.0, 3.6666666666666665, 6.0, 6.0, 0.0, 0.0, 6.0, 6.0, 6.666666666666667, 5.0, 2.6666666666666665, 2.0, 4.333333333333333, 7.0, 6.666666666666667, 0.0, 7.0, 7.333333333333333, 6.0, 6.0, 6.0, 5.333333333333333, 4.333333333333333, 5.333333333333333, 4.333333333333333, 6.0, 4.871794871794871], "AP": [2.9333333333333336, 0.26666666666666666, 1.9, 1.9999999999999996, 0.0, 0.0, 4.433333333333334, 4.9, 5.166666666666667, 2.2666666666666666, 0.4333333333333333, 1.5000000000000002, 4.066666666666666, 5.833333333333334, 5.433333333333332, 0.0, 5.933333333333334, 2.2, 1.4, 5.266666666666667, 1.1333333333333335, 0.7333333333333332, 1.1666666666666665, 0.5666666666666667, 0.9, 1.6333333333333333, 2.387179487179487], "AP0.5": [4.0, 1.0, 4.0, 3.3333333333333335, 0.0, 0.0, 5.666666666666667, 6.0, 6.666666666666667, 3.6666666666666665, 0.6666666666666666, 3.0, 6.0, 7.333333333333333, 6.666666666666667, 0.0, 7.0, 4.0, 3.6666666666666665, 6.333333333333333, 2.0, 2.0, 1.3333333333333333, 1.6666666666666667, 2.0, 3.3333333333333335, 3.5128205128205128], "AP0.75": [3.0, 0.0, 1.6666666666666667, 1.6666666666666667, 0.0, 0.0, 4.333333333333333, 5.0, 5.666666666666667, 2.6666666666666665, 0.6666666666666666, 1.3333333333333333, 4.0, 6.333333333333333, 5.666666666666667, 0.0, 6.333333333333333, 1.6666666666666667, 1.0, 5.333333333333333, 1.0, 0.3333333333333333, 1.3333333333333333, 0.3333333333333333, 0.6666666666666666, 1.3333333333333333, 2.358974358974359], "names": ["Nose", "LEye", "REye", "LEar", "REar", "LShoulder", "RShoulder", "LElbow", "RElbow", "LWrist", "RWrist", "LHip", "RHip", "LKnee", "RKnee", "LAnkle", "RAnkle", "Head", "Neck", "Hip", "LBigToe", "RBigToe", "LSmallToe", "RSmallToe", "LHeel", "RHeel", "Total"]}