{"pckh": [2.5, 0.0, 0.0, 0.5, 1.0, 1.5, 1.0, 1.5, 1.5, 0.0, 0.5, 1.0, 1.5, 1.0, 0.5, 0.5, 0.0, 0.5, 0.0, 0.0, 0.5, 0.5, 0.0, 0.0, 0.0, 0.0, 0.6153846153846154], "AP": [0.0, 0.0, 0.0, 0.0, 0.0, 0.85, 1.15, 0.9, 0.75, 0.0, 0.0, 0.95, 1.65, 0.95, 0.65, 0.5, 0.0, 0.0, 0.0, 0.0, 0.0, 0.0, 0.0, 0.0, 0.0, 0.0, 0.3211538461538461], "AP0.5": [0.0, 0.0, 0.0, 0.0, 0.0, 2.5, 1.5, 2.5, 1.0, 0.0, 0.0, 1.0, 2.5, 2.5, 1.0, 1.0, 0.0, 0.0, 0.0, 0.0, 0.0, 0.0, 0.0, 0.0, 0.0, 0.0, 0.5961538461538461], "AP0.75": [0.0, 0.0, 0.0, 0.0, 0.0, 0.0, 1.0, 0.5, 1.0, 0.0, 0.0, 1.0, 2.0, 0.0, 0.5, 0.5, 0.0, 0.0, 0.0, 0.0, 0.0, 0.0, 0.0, 0.0, 0.0, 0.0, 0.25], "names": ["Nose", "LEye", "REye", "LEar", "REar", "LShoulder", "RShoulder", "LElbow", "RElbow", "LWrist", "RWrist", "LHip", "RHip", "LKnee", "RKnee", "LAnkle", "RAnkle", "Head", "Neck", "Hip", "LBigToe", "RBigToe", "LSmallToe", "RSmallToe", "LHeel", "RHeel", "Total"]}