{"pckh": [59.05223665223665, 41.87619047619047, 61.4943722943723, 61.433766233766235, 0.0, 0.0, 45.616883116883116, 61.55497835497836, 61.333333333333336, 56.73679653679653, 41.86522366522367, 53.6005772005772, 45.339249639249644, 51.01861471861472, 56.01457431457432, 0.0, 54.88239538239539, 55.32164502164502, 47.23362193362193, 43.88845598845599, 47.114285714285714, 44.34444444444445, 42.28253968253968, 42.09148629148629, 43.254978354978356, 61.676190476190484, 45.34718614718615], "AP": [23.82038961038961, 22.062626262626264, 43.447734487734486, 55.40955266955267, 0.0, 0.0, 36.79298701298701, 60.16600288600288, 48.52922077922078, 35.67340548340549, 25.21789321789322, 50.738455988455996, 40.04623376623377, 36.69792207792208, 50.381197691197684, 0.0, 46.64929292929293, 16.711385281385283, 11.922828282828284, 40.50642135642136, 11.016998556998557, 9.534040404040406, 7.49197691197691, 9.569365079365081, 10.786796536796539, 41.580793650793645, 28.25975080475081], "AP0.5": [37.372871572871574, 28.48354978354978, 52.43621933621934, 60.17316017316017, 0.0, 0.0, 46.45829725829726, 61.4943722943723, 61.68831168831169, 51.51255411255412, 36.18643578643578, 56.37012987012987, 57.909523809523805, 57.022943722943715, 56.690764790764796, 0.0, 55.52049062049061, 28.126984126984127, 22.154256854256854, 47.15598845598846, 20.009812409812408, 18.439393939393938, 14.984848484848484, 16.474025974025974, 19.997402597402594, 55.74170274170274, 37.01554001554002], "AP0.75": [23.9010101010101, 23.24069264069264, 44.65743145743146, 57.119769119769124, 0.0, 0.0, 39.65137085137086, 61.05194805194806, 52.55411255411256, 40.013419913419916, 27.11832611832612, 52.87619047619047, 43.884559884559884, 38.12886002886003, 52.243145743145746, 0.0, 49.20476190476191, 15.688311688311689, 11.056709956709957, 43.06724386724387, 10.22034632034632, 8.4992784992785, 6.451803751803752, 9.336219336219337, 10.059163059163058, 42.84574314574315, 29.341169941169944], "names": ["Nose", "LEye", "REye", "LEar", "REar", "LShoulder", "RShoulder", "LElbow", "RElbow", "LWrist", "RWrist", "LHip", "RHip", "LKnee", "RKnee", "LAnkle", "RAnkle", "Head", "Neck", "Hip", "LBigToe", "RBigToe", "LSmallToe", "RSmallToe", "LHeel", "RHeel", "Total"]}