{"pckh": [85.0, 73.0, 89.0, 90.0, 91.66666666666667, 87.33333333333333, 50.0, 89.0, 90.0, 72.0, 50.666666666666664, 54.333333333333336, 71.33333333333333, 72.33333333333333, 71.33333333333333, 86.33333333333333, 65.33333333333333, 66.33333333333333, 58.0, 48.333333333333336, 51.666666666666664, 49.0, 38.666666666666664, 46.0, 41.666666666666664, 90.0, 68.3974358974359], "AP": [27.96666666666667, 19.96666666666666, 16.500000000000004, 43.33333333333333, 52.36666666666666, 77.73333333333333, 40.43333333333334, 72.96666666666667, 77.33333333333334, 46.3, 21.833333333333336, 48.733333333333334, 62.8, 56.36666666666666, 60.766666666666666, 70.7, 52.7, 16.166666666666668, 15.566666666666668, 44.46666666666666, 11.666666666666668, 7.033333333333333, 6.066666666666667, 8.7, 7.566666666666667, 33.36666666666666, 38.43846153846153], "AP0.5": [46.666666666666664, 31.666666666666668, 35.666666666666664, 68.33333333333333, 77.0, 86.33333333333333, 52.0, 87.0, 90.0, 66.33333333333333, 44.0, 71.66666666666667, 85.0, 88.0, 79.33333333333333, 92.66666666666667, 66.66666666666667, 31.666666666666668, 27.0, 56.0, 22.333333333333332, 12.666666666666666, 12.666666666666666, 16.0, 15.0, 55.333333333333336, 54.5], "AP0.75": [26.333333333333332, 19.666666666666668, 12.333333333333334, 42.0, 53.0, 83.0, 43.0, 77.66666666666667, 84.66666666666667, 46.0, 18.0, 49.0, 68.33333333333333, 58.333333333333336, 62.666666666666664, 74.33333333333333, 57.0, 14.333333333333334, 13.666666666666666, 45.333333333333336, 10.666666666666666, 6.666666666666667, 5.0, 7.333333333333333, 6.0, 29.666666666666668, 39.0], "names": ["Nose", "LEye", "REye", "LEar", "REar", "LShoulder", "RShoulder", "LElbow", "RElbow", "LWrist", "RWrist", "LHip", "RHip", "LKnee", "RKnee", "LAnkle", "RAnkle", "Head", "Neck", "Hip", "LBigToe", "RBigToe", "LSmallToe", "RSmallToe", "LHeel", "RHeel", "Total"]}