{"pckh": [78.66666666666667, 11.333333333333334, 94.0, 98.33333333333333, 78.0, 0.0, 58.0, 96.33333333333333, 91.33333333333333, 71.0, 45.0, 39.0, 68.66666666666667, 74.33333333333333, 61.666666666666664, 90.0, 64.33333333333333, 69.0, 59.0, 39.666666666666664, 52.333333333333336, 36.0, 29.666666666666668, 51.0, 37.0, 97.66666666666667, 61.205128205128204], "AP": [14.299999999999997, 0.7, 18.3, 30.5, 16.200000000000003, 0.0, 43.96666666666667, 75.33333333333334, 69.63333333333333, 40.46666666666666, 18.5, 36.99999999999999, 62.4, 52.86666666666666, 50.06666666666667, 73.0, 49.766666666666666, 13.1, 9.7, 35.16666666666667, 5.066666666666667, 2.333333333333333, 2.2, 4.9, 3.066666666666667, 22.8, 28.897435897435894], "AP0.5": [27.0, 1.0, 36.0, 59.0, 28.0, 0.0, 58.666666666666664, 96.0, 93.66666666666667, 62.666666666666664, 32.666666666666664, 58.0, 85.33333333333333, 85.33333333333333, 70.66666666666667, 96.33333333333333, 68.33333333333333, 24.333333333333332, 20.333333333333332, 53.333333333333336, 10.0, 4.666666666666667, 4.333333333333333, 9.0, 5.333333333333333, 42.333333333333336, 43.55128205128205], "AP0.75": [13.0, 1.0, 15.0, 26.333333333333332, 16.333333333333332, 0.0, 45.666666666666664, 82.0, 73.66666666666667, 40.333333333333336, 16.666666666666668, 36.333333333333336, 62.0, 52.0, 54.666666666666664, 77.66666666666667, 52.0, 11.666666666666666, 7.666666666666667, 33.333333333333336, 4.333333333333333, 2.0, 1.6666666666666667, 4.666666666666667, 3.0, 21.0, 29.0], "names": ["Nose", "LEye", "REye", "LEar", "REar", "LShoulder", "RShoulder", "LElbow", "RElbow", "LWrist", "RWrist", "LHip", "RHip", "LKnee", "RKnee", "LAnkle", "RAnkle", "Head", "Neck", "Hip", "LBigToe", "RBigToe", "LSmallToe", "RSmallToe", "LHeel", "RHeel", "Total"]}