{"pckh": [87.57575757575758, 8.484848484848484, 73.03030303030303, 83.93939393939394, 84.54545454545455, 0.0, 54.24242424242424, 87.57575757575758, 90.0, 88.18181818181819, 59.39393939393939, 70.9090909090909, 63.03030303030303, 68.48484848484848, 76.96969696969697, 85.45454545454545, 68.78787878787878, 74.54545454545455, 58.78787878787879, 53.63636363636363, 57.27272727272727, 53.63636363636363, 44.54545454545455, 51.81818181818182, 45.75757575757576, 88.18181818181819, 64.56876456876456], "AP": [32.42424242424242, 0.0, 14.121212121212121, 48.696969696969695, 7.727272727272727, 0.0, 41.21212121212122, 71.6060606060606, 67.69696969696972, 52.03030303030304, 27.969696969696976, 62.030303030303045, 50.93939393939395, 42.57575757575758, 56.42424242424242, 69.45454545454545, 54.0, 15.424242424242426, 15.454545454545457, 45.121212121212125, 11.545454545454543, 6.575757575757575, 2.6060606060606064, 9.515151515151516, 8.666666666666666, 36.63636363636364, 32.709790209790214], "AP0.5": [51.81818181818182, 0.0, 24.848484848484848, 71.81818181818181, 16.96969696969697, 0.0, 52.72727272727273, 83.63636363636364, 89.39393939393939, 80.9090909090909, 45.15151515151515, 76.06060606060606, 79.0909090909091, 70.60606060606061, 75.75757575757575, 87.57575757575758, 68.18181818181819, 27.87878787878788, 26.363636363636363, 55.75757575757576, 20.90909090909091, 14.848484848484848, 5.454545454545454, 17.87878787878788, 15.151515151515152, 62.121212121212125, 46.95804195804196], "AP0.75": [32.121212121212125, 0.0, 12.727272727272727, 50.60606060606061, 5.757575757575758, 0.0, 42.72727272727273, 77.87878787878788, 70.3030303030303, 51.81818181818182, 27.272727272727273, 66.96969696969697, 48.78787878787879, 43.333333333333336, 58.78787878787879, 75.15151515151516, 58.18181818181818, 13.030303030303031, 14.848484848484848, 49.39393939393939, 10.909090909090908, 5.151515151515151, 1.8181818181818181, 8.484848484848484, 7.878787878787879, 32.72727272727273, 33.333333333333336], "names": ["Nose", "LEye", "REye", "LEar", "REar", "LShoulder", "RShoulder", "LElbow", "RElbow", "LWrist", "RWrist", "LHip", "RHip", "LKnee", "RKnee", "LAnkle", "RAnkle", "Head", "Neck", "Hip", "LBigToe", "RBigToe", "LSmallToe", "RSmallToe", "LHeel", "RHeel", "Total"]}