{"pckh": [99.52380952380952, 100.0, 100.0, 99.52380952380952, 100.0, 99.52380952380952, 74.28571428571429, 100.0, 99.52380952380952, 99.52380952380952, 82.38095238095238, 75.23809523809524, 90.0, 97.61904761904762, 97.14285714285714, 95.23809523809524, 96.19047619047619, 97.14285714285714, 84.28571428571429, 77.14285714285714, 80.95238095238095, 79.04761904761905, 67.61904761904762, 71.9047619047619, 67.14285714285714, 100.0, 89.65201465201466], "AP": [37.33333333333333, 48.857142857142854, 60.19047619047619, 74.1904761904762, 50.71428571428571, 90.19047619047618, 62.095238095238095, 95.38095238095238, 78.57142857142858, 49.33333333333333, 49.19047619047619, 69.47619047619048, 71.38095238095238, 72.80952380952382, 86.04761904761905, 73.80952380952382, 82.00000000000001, 24.142857142857146, 32.28571428571429, 73.80952380952381, 21.19047619047619, 26.809523809523807, 20.428571428571427, 16.095238095238095, 16.428571428571423, 58.142857142857146, 55.41941391941392], "AP0.5": [62.857142857142854, 77.14285714285714, 89.04761904761905, 94.28571428571429, 84.76190476190476, 100.0, 76.19047619047619, 100.0, 99.04761904761905, 92.85714285714286, 71.9047619047619, 82.85714285714286, 100.0, 99.52380952380952, 99.52380952380952, 99.52380952380952, 98.57142857142857, 43.80952380952381, 50.95238095238095, 83.33333333333333, 37.142857142857146, 42.857142857142854, 32.857142857142854, 28.095238095238095, 26.19047619047619, 86.19047619047619, 75.36630036630036], "AP0.75": [33.333333333333336, 48.57142857142857, 65.23809523809524, 80.47619047619048, 51.904761904761905, 97.61904761904762, 65.71428571428571, 98.57142857142857, 89.04761904761905, 44.76190476190476, 50.0, 73.80952380952381, 85.23809523809524, 81.42857142857143, 93.33333333333333, 81.42857142857143, 89.04761904761905, 22.38095238095238, 30.476190476190474, 76.66666666666667, 18.571428571428573, 26.666666666666668, 19.523809523809526, 14.761904761904763, 15.238095238095237, 59.04761904761905, 58.18681318681319], "names": ["Nose", "LEye", "REye", "LEar", "REar", "LShoulder", "RShoulder", "LElbow", "RElbow", "LWrist", "RWrist", "LHip", "RHip", "LKnee", "RKnee", "LAnkle", "RAnkle", "Head", "Neck", "Hip", "LBigToe", "RBigToe", "LSmallToe", "RSmallToe", "LHeel", "RHeel", "Total"]}