{"pckh": [85.71428571428571, 100.0, 100.0, 100.0, 98.41269841269842, 100.0, 83.73015873015873, 100.0, 98.01587301587301, 99.2063492063492, 98.80952380952381, 98.41269841269842, 37.698412698412696, 51.58730158730159, 86.9047619047619, 95.63492063492063, 98.01587301587301, 88.4920634920635, 82.14285714285714, 72.22222222222223, 76.98412698412699, 74.60317460317461, 87.3015873015873, 80.95238095238095, 89.68253968253968, 100.0, 87.86630036630036], "AP": [12.103174603174606, 71.19047619047618, 86.5873015873016, 95.55555555555557, 38.0952380952381, 93.96825396825396, 59.08730158730158, 99.8015873015873, 64.92063492063491, 58.769841269841265, 70.07936507936509, 96.74603174603176, 48.76984126984127, 35.952380952380956, 78.96825396825395, 76.74603174603175, 82.30158730158729, 19.880952380952383, 7.65873015873016, 68.80952380952382, 8.134920634920634, 17.698412698412703, 25.595238095238095, 6.7857142857142865, 27.81746031746032, 51.82539682539682, 53.99420024420025], "AP0.5": [23.015873015873016, 95.23809523809524, 100.0, 100.0, 78.57142857142857, 100.0, 90.87301587301587, 100.0, 100.0, 99.60317460317461, 96.42857142857143, 100.0, 94.44444444444444, 90.87301587301587, 90.47619047619048, 99.60317460317461, 98.80952380952381, 38.095238095238095, 19.047619047619047, 84.12698412698413, 20.238095238095237, 30.952380952380953, 40.476190476190474, 13.492063492063492, 44.44444444444444, 84.12698412698413, 74.34371184371184], "AP0.75": [10.317460317460318, 75.39682539682539, 94.84126984126983, 99.60317460317461, 32.93650793650794, 99.60317460317461, 65.47619047619048, 100.0, 74.2063492063492, 59.92063492063492, 74.60317460317461, 100.0, 46.42857142857143, 15.476190476190476, 84.12698412698413, 90.47619047619048, 87.6984126984127, 15.873015873015873, 5.158730158730159, 73.80952380952381, 5.9523809523809526, 15.873015873015873, 24.603174603174605, 5.158730158730159, 27.38095238095238, 49.20634920634921, 55.15873015873016], "names": ["Nose", "LEye", "REye", "LEar", "REar", "LShoulder", "RShoulder", "LElbow", "RElbow", "LWrist", "RWrist", "LHip", "RHip", "LKnee", "RKnee", "LAnkle", "RAnkle", "Head", "Neck", "Hip", "LBigToe", "RBigToe", "LSmallToe", "RSmallToe", "LHeel", "RHeel", "Total"]}