{"pckh": [87.6984126984127, 100.0, 100.0, 100.0, 0.0, 0.0, 80.95238095238095, 100.0, 97.61904761904762, 100.0, 99.60317460317461, 98.01587301587301, 65.07936507936508, 83.33333333333333, 88.88888888888889, 0.0, 98.01587301587301, 90.47619047619048, 76.98412698412699, 64.68253968253968, 76.19047619047619, 69.84126984126983, 69.84126984126983, 63.492063492063494, 73.80952380952381, 100.0, 76.32783882783883], "AP": [14.880952380952383, 85.07936507936509, 93.76984126984127, 98.65079365079364, 0.0, 0.0, 58.57142857142857, 99.96031746031746, 63.45238095238094, 65.1984126984127, 72.77777777777777, 97.30158730158732, 63.57142857142858, 57.61904761904761, 83.41269841269839, 0.0, 82.46031746031746, 22.500000000000004, 7.658730158730158, 61.11111111111111, 5.436507936507937, 13.492063492063494, 13.650793650793648, 4.087301587301587, 22.023809523809526, 57.18253968253968, 47.84035409035409], "AP0.5": [27.77777777777778, 97.61904761904762, 99.60317460317461, 100.0, 0.0, 0.0, 86.5079365079365, 100.0, 100.0, 100.0, 99.60317460317461, 100.0, 100.0, 98.80952380952381, 91.26984126984127, 0.0, 99.2063492063492, 38.492063492063494, 17.063492063492063, 77.77777777777777, 15.079365079365079, 28.571428571428573, 25.0, 8.333333333333334, 38.095238095238095, 90.87301587301587, 63.06471306471307], "AP0.75": [13.492063492063492, 92.85714285714286, 98.41269841269842, 99.60317460317461, 0.0, 0.0, 65.07936507936508, 100.0, 70.23809523809524, 77.38095238095238, 82.53968253968254, 100.0, 73.01587301587301, 63.888888888888886, 87.6984126984127, 0.0, 89.28571428571429, 20.238095238095237, 5.9523809523809526, 64.68253968253968, 3.5714285714285716, 11.11111111111111, 12.698412698412698, 3.1746031746031744, 21.03174603174603, 56.74603174603175, 50.48840048840049], "names": ["Nose", "LEye", "REye", "LEar", "REar", "LShoulder", "RShoulder", "LElbow", "RElbow", "LWrist", "RWrist", "LHip", "RHip", "LKnee", "RKnee", "LAnkle", "RAnkle", "Head", "Neck", "Hip", "LBigToe", "RBigToe", "LSmallToe", "RSmallToe", "LHeel", "RHeel", "Total"]}