{"pckh": [98.18181818181819, 63.333333333333336, 99.0909090909091, 98.78787878787878, 0.0, 0.0, 52.72727272727273, 99.39393939393939, 100.0, 90.3030303030303, 55.15151515151515, 80.60606060606061, 67.87878787878788, 77.87878787878788, 83.63636363636364, 0.0, 71.51515151515152, 79.39393939393939, 60.303030303030305, 57.878787878787875, 60.0, 56.666666666666664, 53.333333333333336, 52.72727272727273, 52.72727272727273, 100.0, 65.82750582750583], "AP": [46.242424242424235, 10.424242424242424, 34.121212121212125, 78.69696969696969, 0.0, 0.0, 42.3030303030303, 93.63636363636363, 81.18181818181817, 48.57575757575757, 21.121212121212125, 72.54545454545455, 54.21212121212121, 48.484848484848484, 64.42424242424242, 0.0, 57.0909090909091, 19.12121212121212, 18.969696969696972, 50.90909090909091, 14.515151515151516, 9.575757575757576, 4.242424242424242, 10.666666666666668, 12.636363636363637, 56.0, 36.52680652680653], "AP0.5": [68.18181818181819, 19.393939393939394, 59.696969696969695, 95.15151515151516, 0.0, 0.0, 51.21212121212121, 99.0909090909091, 99.39393939393939, 71.51515151515152, 35.75757575757576, 86.96969696969697, 86.66666666666667, 79.0909090909091, 83.63636363636364, 0.0, 71.51515151515152, 36.666666666666664, 33.63636363636363, 58.78787878787879, 26.96969696969697, 19.696969696969695, 9.090909090909092, 19.393939393939394, 23.939393939393938, 82.12121212121212, 50.675990675990676], "AP0.75": [46.06060606060606, 9.393939393939394, 30.303030303030305, 82.42424242424242, 0.0, 0.0, 43.93939393939394, 97.87878787878788, 88.48484848484848, 49.09090909090909, 20.90909090909091, 76.66666666666667, 55.45454545454545, 46.96969696969697, 66.96969696969697, 0.0, 60.0, 16.060606060606062, 17.87878787878788, 53.93939393939394, 13.030303030303031, 7.575757575757576, 2.727272727272727, 9.696969696969697, 12.121212121212121, 59.696969696969695, 37.2027972027972], "names": ["Nose", "LEye", "REye", "LEar", "REar", "LShoulder", "RShoulder", "LElbow", "RElbow", "LWrist", "RWrist", "LHip", "RHip", "LKnee", "RKnee", "LAnkle", "RAnkle", "Head", "Neck", "Hip", "LBigToe", "RBigToe", "LSmallToe", "RSmallToe", "LHeel", "RHeel", "Total"]}