{"pckh": [96.36363636363636, 91.21212121212122, 98.18181818181819, 97.27272727272727, 99.6969696969697, 99.6969696969697, 50.303030303030305, 97.87878787878788, 98.48484848484848, 92.12121212121212, 68.18181818181819, 82.12121212121212, 79.0909090909091, 78.78787878787878, 86.06060606060606, 96.06060606060606, 70.0, 77.57575757575758, 61.81818181818182, 58.78787878787879, 59.39393939393939, 56.36363636363637, 45.45454545454545, 49.696969696969695, 46.06060606060606, 98.48484848484848, 78.27505827505827], "AP": [40.6969696969697, 34.75757575757576, 31.81818181818182, 72.45454545454547, 48.24242424242424, 80.9090909090909, 39.12121212121212, 90.33333333333333, 69.81818181818183, 49.78787878787879, 30.606060606060606, 72.24242424242424, 64.18181818181819, 55.87878787878789, 67.45454545454545, 77.21212121212122, 55.0, 20.12121212121212, 19.060606060606062, 51.878787878787875, 16.939393939393934, 12.818181818181818, 5.909090909090909, 9.242424242424242, 13.303030303030301, 46.030303030303024, 45.22377622377623], "AP0.5": [64.84848484848484, 52.42424242424242, 55.45454545454545, 89.6969696969697, 77.57575757575758, 99.6969696969697, 50.0, 97.57575757575758, 96.06060606060606, 75.15151515151516, 50.60606060606061, 88.18181818181819, 93.33333333333333, 84.24242424242425, 87.87878787878788, 97.57575757575758, 68.18181818181819, 37.27272727272727, 31.515151515151516, 60.60606060606061, 29.09090909090909, 24.242424242424242, 12.424242424242424, 17.87878787878788, 22.12121212121212, 75.15151515151516, 63.03030303030303], "AP0.75": [40.90909090909091, 36.96969696969697, 30.303030303030305, 76.66666666666667, 47.878787878787875, 89.6969696969697, 40.60606060606061, 96.06060606060606, 75.75757575757575, 49.09090909090909, 28.484848484848484, 76.36363636363636, 65.45454545454545, 55.15151515151515, 72.12121212121212, 82.42424242424242, 58.484848484848484, 17.575757575757574, 18.78787878787879, 53.63636363636363, 16.363636363636363, 11.212121212121213, 4.848484848484849, 7.878787878787879, 12.424242424242424, 45.45454545454545, 46.561771561771565], "names": ["Nose", "LEye", "REye", "LEar", "REar", "LShoulder", "RShoulder", "LElbow", "RElbow", "LWrist", "RWrist", "LHip", "RHip", "LKnee", "RKnee", "LAnkle", "RAnkle", "Head", "Neck", "Hip", "LBigToe", "RBigToe", "LSmallToe", "RSmallToe", "LHeel", "RHeel", "Total"]}