{"pckh": [99.5, 0.0, 77.5, 99.5, 99.0, 0.0, 90.0, 99.5, 99.5, 82.5, 47.5, 71.5, 88.0, 88.0, 98.0, 93.0, 94.0, 95.5, 91.0, 81.5, 85.5, 86.0, 83.0, 87.5, 83.5, 99.5, 81.53846153846153], "AP": [41.55, 0.0, 53.2, 84.15, 13.5, 0.0, 80.4, 99.3, 88.3, 60.9, 29.55, 69.25, 78.6, 73.25, 93.15, 83.65, 85.25, 39.2, 35.6, 78.6, 20.4, 23.0, 12.8, 22.55, 19.45, 82.05, 52.60192307692307], "AP0.5": [77.0, 0.0, 70.5, 99.5, 33.5, 0.0, 90.5, 99.5, 99.5, 78.5, 41.5, 84.0, 93.5, 97.5, 99.0, 96.0, 95.0, 62.0, 59.5, 89.5, 37.5, 40.0, 27.0, 41.5, 37.5, 97.5, 67.1923076923077], "AP0.75": [38.0, 0.0, 57.5, 94.5, 11.5, 0.0, 83.5, 99.5, 94.5, 64.5, 31.0, 73.0, 88.0, 74.5, 96.0, 88.5, 90.0, 38.5, 32.5, 82.0, 19.0, 23.0, 11.0, 20.5, 17.5, 88.5, 54.5], "names": ["Nose", "LEye", "REye", "LEar", "REar", "LShoulder", "RShoulder", "LElbow", "RElbow", "LWrist", "RWrist", "LHip", "RHip", "LKnee", "RKnee", "LAnkle", "RAnkle", "Head", "Neck", "Hip", "LBigToe", "RBigToe", "LSmallToe", "RSmallToe", "LHeel", "RHeel", "Total"]}