{"pckh": [0.5, 0.0, 0.3878787878787879, 0.2619047619047619, 0.29523809523809524, 0.678066378066378, 0.643001443001443, 1.2281385281385282, 0.37936507936507935, 0.0, 0.1, 0.2, 0.5, 0.2, 0.38571428571428573, 0.16666666666666666, 0.2857142857142857, 0.545021645021645, 0.12727272727272726, 0.0, 0.36724386724386726, 0.603030303030303, 0.2352092352092352, 0.8984126984126984, 0.9841269841269842, 0.31746031746031744, 0.39574869574869576], "AP": [0.0, 0.0, 0.0, 0.0, 0.0, 0.3118470418470419, 0.5386580086580086, 0.6472727272727272, 0.20555555555555555, 0.0, 0.0, 0.21253968253968253, 0.5576190476190476, 0.19, 0.27285714285714285, 0.13333333333333333, 0.15746031746031747, 0.07818181818181817, 0.0, 0.02, 0.0, 0.0, 0.047619047619047616, 0.14126984126984127, 0.0, 0.0, 0.13516206016206017], "AP0.5": [0.0, 0.0, 0.0, 0.0, 0.0, 0.878066378066378, 0.743001443001443, 1.396103896103896, 0.27936507936507937, 0.0, 0.0, 0.346031746031746, 0.9857142857142858, 0.5, 0.48571428571428577, 0.4, 0.4317460317460317, 0.12727272727272726, 0.0, 0.06666666666666667, 0.0, 0.0, 0.07936507936507936, 0.25396825396825395, 0.0, 0.0, 0.2681929181929182], "AP0.75": [0.0, 0.0, 0.0, 0.0, 0.0, 0.06060606060606061, 0.503030303030303, 0.3831168831168831, 0.27936507936507937, 0.0, 0.0, 0.2, 0.6, 0.0, 0.19523809523809524, 0.1, 0.09523809523809523, 0.06666666666666667, 0.0, 0.0, 0.0, 0.0, 0.07936507936507936, 0.15873015873015872, 0.0, 0.0, 0.10466755466755466], "names": ["Nose", "LEye", "REye", "LEar", "REar", "LShoulder", "RShoulder", "LElbow", "RElbow", "LWrist", "RWrist", "LHip", "RHip", "LKnee", "RKnee", "LAnkle", "RAnkle", "Head", "Neck", "Hip", "LBigToe", "RBigToe", "LSmallToe", "RSmallToe", "LHeel", "RHeel", "Total"]}