{"pckh": [87.14285714285714, 15.714285714285714, 85.71428571428571, 89.52380952380952, 81.9047619047619, 0.0, 69.52380952380952, 90.47619047619048, 85.23809523809524, 89.04761904761905, 62.857142857142854, 38.095238095238095, 80.0, 81.9047619047619, 85.71428571428571, 78.0952380952381, 79.52380952380952, 77.14285714285714, 76.19047619047619, 63.80952380952381, 72.85714285714286, 63.80952380952381, 52.857142857142854, 61.42857142857143, 53.80952380952381, 90.95238095238095, 69.74358974358974], "AP": [15.095238095238097, 4.523809523809524, 31.333333333333332, 45.76190476190477, 15.523809523809527, 0.0, 52.04761904761905, 80.66666666666666, 59.0, 48.19047619047619, 33.952380952380956, 36.28571428571429, 69.42857142857142, 57.04761904761904, 75.33333333333333, 66.0952380952381, 62.85714285714287, 12.714285714285714, 19.523809523809526, 58.04761904761905, 16.380952380952383, 7.714285714285715, 6.7142857142857135, 7.190476190476192, 7.857142857142857, 35.333333333333336, 35.56227106227106], "AP0.5": [31.428571428571427, 7.619047619047619, 53.333333333333336, 73.80952380952381, 30.476190476190474, 0.0, 70.95238095238095, 90.47619047619048, 87.14285714285714, 83.80952380952381, 56.19047619047619, 44.285714285714285, 90.95238095238095, 87.61904761904762, 90.47619047619048, 88.57142857142857, 88.0952380952381, 21.904761904761905, 34.285714285714285, 71.9047619047619, 30.476190476190474, 17.61904761904762, 14.285714285714286, 12.857142857142858, 15.238095238095237, 62.857142857142854, 52.17948717948718], "AP0.75": [10.952380952380953, 3.8095238095238093, 29.523809523809526, 47.61904761904762, 13.80952380952381, 0.0, 55.23809523809524, 85.71428571428571, 61.904761904761905, 45.23809523809524, 32.857142857142854, 37.61904761904762, 80.0, 59.04761904761905, 80.95238095238095, 66.19047619047619, 63.80952380952381, 13.333333333333334, 18.571428571428573, 61.42857142857143, 14.761904761904763, 6.190476190476191, 4.761904761904762, 7.619047619047619, 7.142857142857143, 31.428571428571427, 36.13553113553114], "names": ["Nose", "LEye", "REye", "LEar", "REar", "LShoulder", "RShoulder", "LElbow", "RElbow", "LWrist", "RWrist", "LHip", "RHip", "LKnee", "RKnee", "LAnkle", "RAnkle", "Head", "Neck", "Hip", "LBigToe", "RBigToe", "LSmallToe", "RSmallToe", "LHeel", "RHeel", "Total"]}