{"pckh": [100.0, 56.0, 100.0, 100.0, 99.5, 100.0, 90.5, 100.0, 100.0, 85.5, 52.5, 84.5, 85.5, 89.0, 98.5, 92.0, 92.5, 96.5, 93.5, 87.5, 90.0, 88.5, 82.5, 88.0, 82.5, 100.0, 89.8076923076923], "AP": [54.35, 31.25, 72.65, 89.8, 31.7, 92.7, 81.95, 99.75, 91.15, 58.45, 32.15, 80.45, 78.15, 73.3, 91.35, 81.2, 84.7, 35.75, 42.55, 84.25, 32.45, 28.75, 23.55, 33.45, 21.95, 82.5, 61.93269230769231], "AP0.5": [85.0, 46.0, 96.0, 100.0, 61.0, 100.0, 91.0, 100.0, 100.0, 82.5, 46.0, 94.0, 95.0, 99.5, 98.5, 97.5, 94.5, 57.5, 63.5, 90.0, 53.0, 46.5, 42.0, 53.0, 40.0, 99.5, 78.13461538461539], "AP0.75": [52.5, 33.0, 76.5, 99.0, 28.5, 99.5, 86.5, 100.0, 98.5, 64.0, 32.5, 82.5, 85.0, 75.0, 97.0, 86.0, 88.5, 34.5, 42.0, 86.5, 32.0, 27.5, 22.0, 34.0, 20.0, 90.0, 64.34615384615384], "names": ["Nose", "LEye", "REye", "LEar", "REar", "LShoulder", "RShoulder", "LElbow", "RElbow", "LWrist", "RWrist", "LHip", "RHip", "LKnee", "RKnee", "LAnkle", "RAnkle", "Head", "Neck", "Hip", "LBigToe", "RBigToe", "LSmallToe", "RSmallToe", "LHeel", "RHeel", "Total"]}