{"pckh": [100.0, 100.0, 100.0, 100.0, 0.0, 0.0, 80.47619047619048, 100.0, 98.0952380952381, 99.52380952380952, 87.14285714285714, 80.95238095238095, 97.14285714285714, 96.66666666666667, 98.0952380952381, 0.0, 96.19047619047619, 98.57142857142857, 87.61904761904762, 0.0, 0.0, 80.0, 0.9523809523809523, 0.0, 2.857142857142857, 100.0, 65.54945054945055], "AP": [42.23809523809524, 69.76190476190476, 81.00000000000001, 89.95238095238095, 0.0, 0.0, 66.42857142857142, 99.23809523809524, 78.38095238095238, 61.57142857142858, 55.80952380952381, 77.0952380952381, 78.47619047619047, 68.80952380952381, 91.66666666666666, 0.0, 84.14285714285714, 31.952380952380953, 31.047619047619044, 0.0, 0.0, 9.809523809523808, 0.0, 0.0, 0.2857142857142857, 74.66666666666666, 45.858974358974365], "AP0.5": [73.33333333333333, 91.42857142857143, 97.61904761904762, 99.52380952380952, 0.0, 0.0, 82.85714285714286, 100.0, 100.0, 96.66666666666667, 79.04761904761905, 89.52380952380952, 100.0, 99.04761904761905, 99.52380952380952, 0.0, 98.57142857142857, 55.714285714285715, 52.38095238095238, 0.0, 0.0, 20.0, 0.0, 0.0, 0.47619047619047616, 97.61904761904762, 58.97435897435897], "AP0.75": [40.476190476190474, 74.28571428571429, 83.33333333333333, 95.23809523809524, 0.0, 0.0, 68.57142857142857, 100.0, 89.52380952380952, 69.52380952380952, 57.142857142857146, 81.9047619047619, 97.14285714285714, 80.0, 96.19047619047619, 0.0, 92.85714285714286, 30.476190476190474, 30.0, 0.0, 0.0, 8.571428571428571, 0.0, 0.0, 0.47619047619047616, 79.04761904761905, 49.02930402930403], "names": ["Nose", "LEye", "REye", "LEar", "REar", "LShoulder", "RShoulder", "LElbow", "RElbow", "LWrist", "RWrist", "LHip", "RHip", "LKnee", "RKnee", "LAnkle", "RAnkle", "Head", "Neck", "Hip", "LBigToe", "RBigToe", "LSmallToe", "RSmallToe", "LHeel", "RHeel", "Total"]}