{"pckh": [90.87301587301587, 99.60317460317461, 99.60317460317461, 99.60317460317461, 0.0, 0.0, 90.07936507936508, 99.60317460317461, 95.23809523809524, 99.60317460317461, 100.0, 99.2063492063492, 55.95238095238095, 71.03174603174604, 90.47619047619048, 0.0, 98.41269841269842, 91.26984126984127, 85.71428571428571, 0.0, 0.0, 77.38095238095238, 1.5873015873015872, 0.0, 2.7777777777777777, 99.60317460317461, 63.36996336996337], "AP": [14.8015873015873, 81.74603174603173, 94.64285714285714, 98.57142857142857, 0.0, 0.0, 65.59523809523812, 99.56349206349205, 63.690476190476204, 64.56349206349206, 73.21428571428572, 98.61111111111111, 56.11111111111111, 46.587301587301596, 86.07142857142858, 0.0, 87.53968253968256, 23.73015873015873, 7.142857142857143, 0.0, 0.0, 11.865079365079364, 0.11904761904761904, 0.0, 0.7539682539682541, 37.976190476190474, 42.803724053724046], "AP0.5": [30.952380952380953, 98.41269841269842, 99.2063492063492, 99.60317460317461, 0.0, 0.0, 94.04761904761905, 99.60317460317461, 99.2063492063492, 99.60317460317461, 100.0, 100.0, 98.80952380952381, 95.23809523809524, 94.84126984126983, 0.0, 99.60317460317461, 42.857142857142854, 18.253968253968253, 0.0, 0.0, 24.206349206349206, 0.3968253968253968, 0.0, 1.1904761904761905, 81.34920634920636, 56.82234432234432], "AP0.75": [12.698412698412698, 88.4920634920635, 99.2063492063492, 99.2063492063492, 0.0, 0.0, 72.22222222222223, 99.60317460317461, 75.7936507936508, 76.58730158730158, 79.76190476190476, 100.0, 55.55555555555556, 34.92063492063492, 89.28571428571429, 0.0, 96.03174603174604, 22.22222222222222, 5.9523809523809526, 0.0, 0.0, 10.714285714285714, 0.0, 0.0, 1.1904761904761905, 30.158730158730158, 44.21550671550671], "names": ["Nose", "LEye", "REye", "LEar", "REar", "LShoulder", "RShoulder", "LElbow", "RElbow", "LWrist", "RWrist", "LHip", "RHip", "LKnee", "RKnee", "LAnkle", "RAnkle", "Head", "Neck", "Hip", "LBigToe", "RBigToe", "LSmallToe", "RSmallToe", "LHeel", "RHeel", "Total"]}