{"pckh": [97.57575757575758, 60.60606060606061, 99.0909090909091, 98.78787878787878, 0.0, 0.0, 58.484848484848484, 98.78787878787878, 99.0909090909091, 97.57575757575758, 76.66666666666667, 84.84848484848484, 75.15151515151516, 79.6969696969697, 91.21212121212122, 0.0, 73.63636363636364, 82.12121212121212, 65.75757575757575, 0.0, 0.0, 59.39393939393939, 2.727272727272727, 0.0, 21.515151515151516, 99.0909090909091, 58.53146853146853], "AP": [53.515151515151516, 1.6666666666666667, 38.818181818181806, 76.81818181818183, 0.0, 0.0, 49.00000000000001, 93.84848484848484, 81.36363636363636, 64.9090909090909, 38.18181818181818, 78.24242424242424, 62.54545454545454, 53.93939393939394, 77.3939393939394, 0.0, 61.93939393939395, 25.454545454545457, 21.18181818181818, 0.0, 0.0, 7.484848484848484, 0.0, 0.0, 2.181818181818182, 60.21212121212121, 36.48834498834499], "AP0.5": [76.96969696969697, 2.727272727272727, 62.42424242424242, 94.84848484848484, 0.0, 0.0, 57.27272727272727, 98.78787878787878, 98.48484848484848, 90.3030303030303, 58.78787878787879, 93.63636363636364, 91.81818181818181, 84.54545454545455, 92.12121212121212, 0.0, 73.03030303030303, 48.18181818181818, 35.15151515151515, 0.0, 0.0, 16.96969696969697, 0.0, 0.0, 5.151515151515151, 84.24242424242425, 48.67132867132867], "AP0.75": [54.54545454545455, 1.5151515151515151, 39.09090909090909, 79.0909090909091, 0.0, 0.0, 50.303030303030305, 97.57575757575758, 89.39393939393939, 68.18181818181819, 37.878787878787875, 81.21212121212122, 62.121212121212125, 53.93939393939394, 79.6969696969697, 0.0, 64.54545454545455, 24.242424242424242, 20.606060606060606, 0.0, 0.0, 6.96969696969697, 0.0, 0.0, 1.5151515151515151, 61.81818181818182, 37.47086247086247], "names": ["Nose", "LEye", "REye", "LEar", "REar", "LShoulder", "RShoulder", "LElbow", "RElbow", "LWrist", "RWrist", "LHip", "RHip", "LKnee", "RKnee", "LAnkle", "RAnkle", "Head", "Neck", "Hip", "LBigToe", "RBigToe", "LSmallToe", "RSmallToe", "LHeel", "RHeel", "Total"]}