{"pckh": [86.33333333333333, 48.666666666666664, 93.0, 93.0, 2.0, 0.6666666666666666, 53.666666666666664, 92.33333333333333, 91.66666666666667, 71.33333333333333, 52.666666666666664, 44.0, 71.33333333333333, 74.33333333333333, 74.66666666666667, 0.0, 64.66666666666667, 67.66666666666667, 59.666666666666664, 0.0, 0.0, 47.0, 1.0, 0.0, 7.333333333333333, 93.33333333333333, 49.62820512820513], "AP": [31.26666666666667, 1.8333333333333333, 21.2, 52.5, 0.0, 0.3, 45.133333333333326, 80.53333333333333, 76.1, 45.333333333333336, 23.166666666666664, 42.2, 62.46666666666666, 54.833333333333336, 63.4, 0.0, 54.133333333333326, 21.299999999999997, 16.333333333333336, 0.03333333333333333, 0.0, 5.4, 0.0, 0.0, 0.7000000000000001, 38.400000000000006, 28.329487179487188], "AP0.5": [54.0, 3.6666666666666665, 45.0, 74.66666666666667, 0.0, 1.6666666666666667, 56.333333333333336, 91.66666666666667, 91.66666666666667, 64.33333333333333, 45.0, 64.33333333333333, 85.0, 86.66666666666667, 82.66666666666667, 0.0, 66.0, 36.0, 28.666666666666668, 0.3333333333333333, 0.0, 11.333333333333334, 0.0, 0.0, 1.6666666666666667, 62.0, 40.48717948717949], "AP0.75": [26.666666666666668, 1.6666666666666667, 16.333333333333332, 54.0, 0.0, 0.0, 47.666666666666664, 85.66666666666667, 81.0, 45.666666666666664, 19.666666666666668, 40.666666666666664, 66.66666666666667, 56.0, 64.66666666666667, 0.0, 57.666666666666664, 20.666666666666668, 14.666666666666666, 0.0, 0.0, 4.333333333333333, 0.0, 0.0, 0.6666666666666666, 40.0, 28.628205128205128], "names": ["Nose", "LEye", "REye", "LEar", "REar", "LShoulder", "RShoulder", "LElbow", "RElbow", "LWrist", "RWrist", "LHip", "RHip", "LKnee", "RKnee", "LAnkle", "RAnkle", "Head", "Neck", "Hip", "LBigToe", "RBigToe", "LSmallToe", "RSmallToe", "LHeel", "RHeel", "Total"]}