{"pckh": [100.0, 27.0, 100.0, 100.0, 0.0, 0.0, 88.5, 100.0, 100.0, 86.5, 51.0, 88.0, 90.5, 86.0, 98.5, 0.0, 94.5, 97.5, 93.5, 0.0, 0.0, 88.0, 0.5, 0.0, 7.0, 100.0, 61.42307692307692], "AP": [52.4, 1.8, 86.55, 98.6, 0.0, 0.0, 79.2, 100.0, 89.6, 61.15, 35.9, 83.05, 78.25, 70.35, 96.4, 0.0, 88.4, 45.85, 33.0, 0.0, 0.0, 17.55, 0.0, 0.0, 1.7, 88.0, 46.45192307692307], "AP0.5": [86.5, 3.0, 97.5, 100.0, 0.0, 0.0, 88.5, 100.0, 100.0, 83.0, 46.0, 95.0, 95.0, 98.5, 99.5, 0.0, 97.0, 68.5, 58.0, 0.0, 0.0, 35.0, 0.0, 0.0, 3.5, 99.5, 55.92307692307692], "AP0.75": [53.0, 2.0, 91.5, 100.0, 0.0, 0.0, 84.0, 100.0, 98.5, 68.5, 37.0, 84.5, 89.5, 71.5, 98.0, 0.0, 91.0, 45.5, 31.5, 0.0, 0.0, 16.5, 0.0, 0.0, 1.5, 94.0, 48.38461538461539], "names": ["Nose", "LEye", "REye", "LEar", "REar", "LShoulder", "RShoulder", "LElbow", "RElbow", "LWrist", "RWrist", "LHip", "RHip", "LKnee", "RKnee", "LAnkle", "RAnkle", "Head", "Neck", "Hip", "LBigToe", "RBigToe", "LSmallToe", "RSmallToe", "LHeel", "RHeel", "Total"]}