{"pckh": [94.95642135642136, 67.17518037518037, 98.33881673881675, 98.27821067821068, 0.4, 0.13333333333333333, 74.24141414141414, 98.14487734487734, 96.81818181818183, 90.907215007215, 73.49523809523811, 79.401443001443, 78.0160173160173, 81.54574314574315, 90.5900432900433, 0.0, 85.48124098124099, 87.42582972582973, 78.45151515151517, 0.0, 0.0, 70.35497835497836, 1.3533910533910534, 0.0, 8.296681096681096, 98.40548340548341, 59.70043290043291], "AP": [38.84430014430015, 31.361587301587303, 64.4422077922078, 83.28839826839825, 0.0, 0.06, 61.07142857142858, 94.63668109668109, 77.82701298701299, 59.50546897546898, 45.25445887445888, 75.83975468975468, 67.56988455988456, 58.90391053391054, 82.98640692640693, 0.0, 75.2310533910534, 29.657417027417022, 21.74112554112554, 0.006666666666666666, 0.0, 10.421890331890332, 0.023809523809523808, 0.0, 1.1243001443001444, 59.850995670995665, 39.98649073149073], "AP0.5": [64.35108225108225, 39.847041847041844, 80.34992784992785, 93.72842712842713, 0.0, 0.33333333333333337, 75.8021645021645, 98.01154401154402, 97.87157287157287, 86.78124098124098, 65.76709956709956, 88.49870129870129, 94.12554112554112, 92.7995670995671, 93.73059163059163, 0.0, 86.84098124098124, 50.25064935064935, 38.490620490620486, 0.06666666666666667, 0.0, 21.5018759018759, 0.07936507936507936, 0.0, 2.396969696969697, 84.94213564213564, 52.17565767565768], "AP0.75": [37.477344877344876, 33.59191919191919, 65.89278499278498, 85.50707070707071, 0.0, 0.0, 64.55266955266956, 96.56911976911978, 86.84227994227994, 65.6919191919192, 46.290043290043286, 77.65670995670996, 74.1972582972583, 59.27200577200576, 85.56796536796537, 0.0, 80.42020202020203, 28.621500721500716, 20.545021645021645, 0.0, 0.0, 9.417748917748918, 0.0, 0.0, 1.0696969696969698, 61.004906204906206, 41.54569874569874], "names": ["Nose", "LEye", "REye", "LEar", "REar", "LShoulder", "RShoulder", "LElbow", "RElbow", "LWrist", "RWrist", "LHip", "RHip", "LKnee", "RKnee", "LAnkle", "RAnkle", "Head", "Neck", "Hip", "LBigToe", "RBigToe", "LSmallToe", "RSmallToe", "LHeel", "RHeel", "Total"]}